,Simha,Z*Nagg,Valence e,cmcM
DTAB,4.75,68,17,0.00815
SDS,9.29,80,30,0.0139
DDAPS,3.37,176,49,0.00235
DDAO,3.73,88,19,0.000915
DPC,3.56,150,54,0.000996
Tween 20,5.1,0,340,0.0000635
Brij 35,5.66,0,328,0.0000447